{
    "months" : [
        {
            "name": "January",
            "dates": [
                {
                    "date": "01-11-2017",
                    "isAvailable": false
                },
                {
                    "date": "01-15-2017",
                    "isAvailable": false
                },
                {
                    "date": "01-23-2017",
                    "isAvailable": false
                },
                {
                    "date": "01-27-2017",
                    "isAvailable": false
                },
                {
                    "date": "01-30-2017",
                    "isAvailable": false
                },
                {
                    "date": "01-31-2017",
                    "isAvailable": false
                }
            ]
        },
        {
            "name": "February",
            "dates": [
                {
                    "date": "02-07-2017",
                    "isAvailable": false
                },
                {
                    "date": "02-11-2017",
                    "isAvailable": false
                },
                {
                    "date": "02-17-2017",
                    "isAvailable": false
                },
                {
                    "date": "02-19-2017",
                    "isAvailable": false
                },
                {
                    "date": "02-25-2017",
                    "isAvailable": false
                },
                {
                    "date": "02-26-2017",
                    "isAvailable": false
                }
            ]
        },
        {
            "name": "March",
            "dates": [
                {
                    "date": "03-01-2017",
                    "isAvailable": false
                },
                {
                    "date": "03-06-2017",
                    "isAvailable": false
                },
                {
                    "date": "03-13-2017",
                    "isAvailable": false
                },
                {
                    "date": "03-14-2017",
                    "isAvailable": false
                },
                {
                    "date": "03-15-2017",
                    "isAvailable": false
                },
                {
                    "date": "03-26-2017",
                    "isAvailable": false
                }
            ]
        },
        {
            "name": "April",
            "dates": [
                {
                    "date": "04-11-2017",
                    "isAvailable": false
                },
                {
                    "date": "04-15-2017",
                    "isAvailable": false
                },
                {
                    "date": "04-23-2017",
                    "isAvailable": false
                },
                {
                    "date": "04-27-2017",
                    "isAvailable": false
                },
                {
                    "date": "04-29-2017",
                    "isAvailable": false
                },
                {
                    "date": "04-30-2017",
                    "isAvailable": false
                }
            ]
        },
        {
            "name": "May",
            "dates": [
                {
                    "date": "05-04-2017",
                    "isAvailable": false
                },
                {
                    "date": "05-08-2017",
                    "isAvailable": false
                },
                {
                    "date": "05-13-2017",
                    "isAvailable": false
                },
                {
                    "date": "05-17-2017",
                    "isAvailable": false
                },
                {
                    "date": "05-22-2017",
                    "isAvailable": false
                },
                {
                    "date": "05-28-2017",
                    "isAvailable": false
                }
            ]
        },
        {
            "name": "June",
            "dates": [
                {
                    "date": "06-03-2017",
                    "isAvailable": false
                },
                {
                    "date": "06-09-2017",
                    "isAvailable": false
                },
                {
                    "date": "06-14-2017",
                    "isAvailable": false
                },
                {
                    "date": "06-19-2017",
                    "isAvailable": false
                },
                {
                    "date": "06-24-2017",
                    "isAvailable": false
                },
                {
                    "date": "06-29-2017",
                    "isAvailable": false
                }
            ]
        },
        {
            "name": "July",
            "dates": [
                {
                    "date": "07-11-2017",
                    "isAvailable": false
                },
                {
                    "date": "07-15-2017",
                    "isAvailable": false
                },
                {
                    "date": "07-23-2017",
                    "isAvailable": false
                },
                {
                    "date": "07-27-2017",
                    "isAvailable": false
                },
                {
                    "date": "07-30-2017",
                    "isAvailable": false
                },
                {
                    "date": "07-31-2017",
                    "isAvailable": false
                }
            ]
        },
        {
            "name": "August",
            "dates": [
                {
                    "date": "08-01-2017",
                    "isAvailable": false
                },
                {
                    "date": "08-15-2017",
                    "isAvailable": false
                },
                {
                    "date": "08-23-2017",
                    "isAvailable": false
                },
                {
                    "date": "08-25-2017",
                    "isAvailable": false
                },
                {
                    "date": "08-27-2017",
                    "isAvailable": false
                },
                {
                    "date": "08-29-2017",
                    "isAvailable": false
                }
            ]
        },
        {
            "name": "September",
            "dates": [
                {
                    "date": "09-02-2017",
                    "isAvailable": false
                },
                {
                    "date": "09-08-2017",
                    "isAvailable": false
                },
                {
                    "date": "09-12-2017",
                    "isAvailable": false
                },
                {
                    "date": "09-18-2017",
                    "isAvailable": false
                },
                {
                    "date": "09-21-2017",
                    "isAvailable": false
                },
                {
                    "date": "09-26-2017",
                    "isAvailable": false
                }
            ]
        },
        {
            "name": "October",
            "dates": [
                {
                    "date": "10-04-2017",
                    "isAvailable": false
                },
                {
                    "date": "10-09-2017",
                    "isAvailable": false
                },
                {
                    "date": "10-11-2017",
                    "isAvailable": false
                },
                {
                    "date": "10-27-2017",
                    "isAvailable": false
                },
                {
                    "date": "10-30-2017",
                    "isAvailable": false
                },
                {
                    "date": "10-31-2017",
                    "isAvailable": false
                }
            ]
        },
        {
            "name": "November",
            "dates": [
                {
                    "date": "11-11-2017",
                    "isAvailable": false
                },
                {
                    "date": "11-15-2017",
                    "isAvailable": false
                },
                {
                    "date": "11-23-2017",
                    "isAvailable": false
                },
                {
                    "date": "11-27-2017",
                    "isAvailable": false
                },
                {
                    "date": "11-30-2017",
                    "isAvailable": false
                },
                {
                    "date": "11-31-2017",
                    "isAvailable": false
                }
            ]
        },
        {
            "name": "December",
            "dates": [
                {
                    "date": "12-03-2017",
                    "isAvailable": false
                },
                {
                    "date": "12-07-2017",
                    "isAvailable": false
                },
                {
                    "date": "12-17-2017",
                    "isAvailable": false
                },
                {
                    "date": "12-23-2017",
                    "isAvailable": false
                },
                {
                    "date": "12-25-2017",
                    "isAvailable": false
                },
                {
                    "date": "12-31-2017",
                    "isAvailable": false
                }
            ]
        }
    ]
}